-- USUARIOS (100)
INSERT INTO usuarios (nombre, apellido, fecha_nacimiento) VALUES
('Kevin','Martínez','2001-05-14'),
('Ana','López','1999-02-28'),
('Luis','Hernández','1997-09-10'),
('María','Rodríguez','1995-11-23'),
('Carlos','Sánchez','1993-04-03'),
('Sofía','Gómez','2000-07-19'),
('Miguel','Ramírez','1994-06-12'),
('Daniela','Torres','1998-12-01'),
('Juan','Pérez','1991-01-30'),
('Paola','Castillo','2002-03-08'),
('Diego','Reyes','1996-08-17'),
('Valeria','Morales','1999-10-05'),
('José','Aguilar','1992-02-22'),
('Camila','Ortiz','2003-05-25'),
('Andrés','Navarro','1995-09-14'),
('Fernanda','Cruz','1997-12-27'),
('Alejandro','Flores','1994-04-11'),
('Gabriela','Vega','1998-06-09'),
('Rodrigo','Duarte','1991-11-02'),
('Brenda','Salazar','2000-01-18'),
('Sergio','Castañeda','1993-07-06'),
('Karla','Mendoza','1996-09-29'),
('Pablo','Arias','1998-03-16'),
('Diana','Figueroa','1995-05-30'),
('Ernesto','Pineda','1992-10-20'),
('Laura','Escobar','2002-12-12'),
('Ricardo','Valle','1994-02-06'),
('Karen','Rosales','1999-04-24'),
('Manuel','Bautista','1996-07-13'),
('Natalia','Cornejo','1993-09-08'),
('Óscar','Palma','1991-12-21'),
('Julieta','Miranda','2001-06-15'),
('Christian','Meza','1997-08-04'),
('Roxana','Luna','1993-11-27'),
('Víctor','Molina','1992-01-02'),
('Adriana','Guerra','2000-03-20'),
('Esteban','Barrera','1995-06-10'),
('Melisa','Fuentes','1998-09-23'),
('Gerardo','Portillo','1994-12-05'),
('Lucía','Alfaro','1999-02-14'),
('David','Serrano','1996-04-28'),
('Pamela','Bravo','1991-07-17'),
('César','Ibarra','1998-11-01'),
('Irene','Beltrán','1993-01-26'),
('Marco','Rojas','1994-05-07'),
('Patricia','Solís','2001-09-30'),
('Álvaro','Padilla','1997-12-11'),
('Gloria','Carrillo','1995-02-18'),
('Héctor','Quiroz','1993-08-25'),
('Angélica','Villegas','1996-10-13'),
('Renato','Calderón','1992-03-03'),
('Mónica','Cordero','1999-06-27'),
('Edgar','Guzmán','1995-09-09'),
('Karen','Zamora','2002-01-05'),
('Jonathan','Castellanos','1997-04-19'),
('Leslie','Alvarado','1994-06-30'),
('Francisco','Briones','1998-08-22'),
('Rebeca','Valenzuela','1991-10-14'),
('Mauricio','Lara','2000-12-03'),
('Jennifer','Aparicio','1993-02-08'),
('Bruno','Cáceres','1996-05-18'),
('Alejandra','Ponce','1999-07-29'),
('Sebastián','Tapia','1994-09-17'),
('Elisa','Godoy','1992-11-24'),
('Matías','Aragón','2001-02-06'),
('Paulina','Cabrera','1998-04-11'),
('Guillermo','Ochoa','1995-06-26'),
('Claudia','Villanueva','1993-08-12'),
('Rafael','Cifuentes','1997-10-28'),
('Adriana','Leiva','1991-12-09'),
('Iván','Valdez','1994-02-15'),
('Silvia','Palma','1998-05-27'),
('Alonso','Bonilla','1996-07-02'),
('Marta','Larios','1999-09-19'),
('Rodrigo','Godínez','1995-11-30'),
('Teresa','Espinoza','2000-01-23'),
('Julián','Barrios','1992-03-12'),
('Pilar','Medrano','1997-05-06'),
('Guillermo','Sáenz','1994-07-21'),
('Berenice','Duarte','1998-12-11'),
('Joaquín','Prado','1993-02-19'),
('Estela','Molina','1996-04-02'),
('Cristian','Camacho','1999-06-14'),
('Abril','Zambrano','1995-08-31'),
('Gustavo','Rivas','1992-10-23'),
('Rosario','Palacios','2001-03-04'),
('Fabián','Soto','1997-05-24'),
('Cecilia','Navarro','1994-07-09'),
('Armando','Arévalo','1991-09-27'),
('Florencia','Cuevas','1998-11-15'),
('Santiago','Paredes','1996-01-29'),
('Verónica','Oliva','1993-04-18'),
('Alexis','Cano','1999-06-01'),
('Tatiana','Duarte','1995-08-13'),
('Diego','Murillo','1992-11-05'),
('Lorena','Cárdenas','2000-02-26'),
('Mauricio','Pacheco','1994-05-16'),
('Juliana','Estrada','1997-07-30'),
('Felipe','Cardona','1993-10-08'),
('Camilo','Cabrera','1996-12-19');

-- EDITORIALES (20)
INSERT INTO editoriales (nombre, correo) VALUES
('Nova Scriptorium','contacto@novascriptorium.com'),
('Aether Press','editor@aetherpress.io'),
('Lumina House','info@luminahouse.org'),
('Vortex Editorial','hola@vortexeditorial.net'),
('Starlight Books','mail@starlightbooks.co'),
('Quasar Publishing','team@quasarpub.com'),
('Arcadia Ink','hello@arcadiaink.dev'),
('Nimbus Editorial','support@nimbuseditorial.com'),
('Orion Editions','contact@orioneditions.org'),
('Chronicle Forge','info@chronicleforge.io'),
('Horizon Quill','editor@horizonquill.net'),
('Silver Oak Media','hello@silveroakmedia.co'),
('Phoenix Scrolls','team@phoenixscrolls.com'),
('Nebula House','contacto@nebulahouse.org'),
('Atlas Literary','info@atlasliterary.dev'),
('Catalyst Press','mail@catalystpress.net'),
('Meridian Books','support@meridianbooks.co'),
('Eclipse Editorial','editor@eclipseeditorial.com'),
('Serendipity Ink','hello@serendipityink.org'),
('Aurora Forge','team@auroraforge.io');

-- CATEGORIAS (10)
INSERT INTO categorias (categoria, descripcion) VALUES
('Ficción','Narrativa imaginaria'),
('No Ficción','Basado en hechos'),
('Ciencia','Divulgación científica'),
('Tecnología','Avances y estudios tecnológicos'),
('Historia','Eventos históricos'),
('Biografía','Vida de personajes'),
('Fantasía','Mundos imaginarios'),
('Infantil','Lectura para niños'),
('Autoayuda','Desarrollo personal'),
('Misterio','Suspenso y crimen');

-- AUTORES (30) – usuarios 1-30
INSERT INTO autores (usuario_id) VALUES
(1),(2),(3),(4),(5),(6),(7),(8),(9),(10),
(11),(12),(13),(14),(15),(16),(17),(18),(19),(20),
(21),(22),(23),(24),(25),(26),(27),(28),(29),(30);

-- CLIENTES (50) – usuarios 31-80
INSERT INTO clientes (usuario_id) VALUES
(31),(32),(33),(34),(35),(36),(37),(38),(39),(40),
(41),(42),(43),(44),(45),(46),(47),(48),(49),(50),
(51),(52),(53),(54),(55),(56),(57),(58),(59),(60),
(61),(62),(63),(64),(65),(66),(67),(68),(69),(70),
(71),(72),(73),(74),(75),(76),(77),(78),(79),(80);

-- BIBLIOTECARIOS (10) – usuarios 81-90
INSERT INTO bibliotecarios (usuario_id) VALUES
(81),(82),(83),(84),(85),(86),(87),(88),(89),(90),
(91),(92),(93),(94),(95),(96),(97),(98),(99),(100);

-- LIBROS (100) – autor 1-30, editorial 1-20
INSERT INTO libros (titulo, autor_id, editorial_id, cantidad, disponible) VALUES
('Dune',1,1,15,true),
('Foundation',2,2,6,true),
('Neuromancer',3,3,7,true),
('Snow Crash',4,4,8,true),
('Ender''s Game',5,5,9,true),
('The Hitchhiker''s Guide to the Galaxy',6,6,5,true),
('1984',7,7,6,true),
('Brave New World',8,8,7,true),
('Fahrenheit 451',9,9,8,true),
('The Left Hand of Darkness',10,10,9,true),
('The Hobbit',11,11,5,true),
('The Fellowship of the Ring',12,12,6,true),
('The Two Towers',13,13,7,true),
('The Return of the King',14,14,8,true),
('A Game of Thrones',15,15,9,true),
('A Clash of Kings',16,16,5,true),
('A Storm of Swords',17,17,6,true),
('A Feast for Crows',18,18,7,true),
('A Dance with Dragons',19,19,8,true),
('The Name of the Wind',20,20,9,true),
('The Wise Man''s Fear',21,1,5,true),
('Harry Potter and the Sorcerer''s Stone',22,2,6,true),
('Harry Potter and the Chamber of Secrets',23,3,7,true),
('Harry Potter and the Prisoner of Azkaban',24,4,8,true),
('Harry Potter and the Goblet of Fire',25,5,9,true),
('Harry Potter and the Order of the Phoenix',26,6,5,true),
('Harry Potter and the Half-Blood Prince',27,7,6,true),
('Harry Potter and the Deathly Hallows',28,8,7,true),
('Mistborn: The Final Empire',29,9,8,true),
('Mistborn: The Well of Ascension',30,10,9,true),
('Mistborn: The Hero of Ages',1,11,5,true),
('The Way of Kings',2,12,6,true),
('Words of Radiance',3,13,7,true),
('Oathbringer',4,14,8,true),
('Rhythm of War',5,15,9,true),
('The Eye of the World',6,16,5,true),
('The Great Hunt',7,17,6,true),
('The Dragon Reborn',8,18,7,true),
('The Shadow Rising',9,19,8,true),
('The Path of Daggers',10,20,9,true),
('The Lean Startup',11,1,5,true),
('Zero to One',12,2,6,true),
('The 4-Hour Workweek',13,3,7,true),
('Rich Dad Poor Dad',14,4,8,true),
('Think and Grow Rich',15,5,9,true),
('Atomic Habits',16,6,5,true),
('Deep Work',17,7,6,true),
('Grit',18,8,7,true),
('Start With Why',19,9,8,true),
('Thinking, Fast and Slow',20,10,9,true),
('The Power of Habit',21,11,5,true),
('Good to Great',22,12,6,true),
('The Innovator''s Dilemma',23,13,7,true),
('How to Win Friends and Influence People',24,14,8,true),
('The 7 Habits of Highly Effective People',25,15,9,true),
('Leaders Eat Last',26,16,5,true),
('The Hard Thing About Hard Things',27,17,6,true),
('Drive',28,18,7,true),
('Blue Ocean Strategy',29,19,8,true),
('Crushing It!',30,20,9,true),
('The Subtle Art of Not Giving a F*ck',1,1,5,true),
('Digital Minimalism',2,2,6,true),
('The Miracle Morning',3,3,7,true),
('Can''t Hurt Me',4,4,8,true),
('The $100 Startup',5,5,9,true),
('Rework',6,6,5,true),
('Extreme Ownership',7,7,6,true),
('Who Moved My Cheese?',8,8,7,true),
('Make Your Bed',9,9,8,true),
('Shoe Dog',10,10,9,true),
('Man''s Search for Meaning',11,11,5,true),
('The Alchemist',12,12,6,true),
('Sapiens',13,13,7,true),
('Homo Deus',14,14,8,true),
('21 Lessons for the 21st Century',15,15,9,true),
('Educated',16,16,5,true),
('Becoming',17,17,6,true),
('The Life-Changing Magic of Tidying Up',18,18,7,true),
('The Art of War',19,19,8,true),
('Meditations',20,20,9,true),
('A Brief History of Time',21,1,5,true),
('Cosmos',22,2,6,true),
('Pale Blue Dot',23,3,7,true),
('The Selfish Gene',24,4,8,true),
('The Gene: An Intimate History',25,5,9,true),
('Thinking in Systems',26,6,5,true),
('Guns, Germs, and Steel',27,7,6,true),
('The Design of Everyday Things',28,8,7,true),
('Clean Code',29,9,8,true),
('The Pragmatic Programmer',30,10,9,true),
('Code Complete',1,11,5,true),
('Cracking the Coding Interview',2,12,6,true),
('Introduction to Algorithms',3,13,7,true),
('Patterns of Enterprise Application Architecture',4,14,8,true),
('Refactoring',5,15,9,true),
('Domain-Driven Design',6,16,5,true),
('You Don''t Know JS',7,17,6,true),
('Eloquent JavaScript',8,18,7,true),
('The Phoenix Project',9,19,8,true),
('Accelerate',10,20,9,true);

-- AUTOR_LIBRO (100)
INSERT INTO autor_libro (autor_id, libro_id) VALUES
(1,1),(2,2),(3,3),(4,4),(5,5),(6,6),(7,7),(8,8),(9,9),(10,10),
(11,11),(12,12),(13,13),(14,14),(15,15),(16,16),(17,17),(18,18),(19,19),(20,20),
(21,21),(22,22),(23,23),(24,24),(25,25),(26,26),(27,27),(28,28),(29,29),(30,30),
(1,31),(2,32),(3,33),(4,34),(5,35),(6,36),(7,37),(8,38),(9,39),(10,40),
(11,41),(12,42),(13,43),(14,44),(15,45),(16,46),(17,47),(18,48),(19,49),(20,50),
(21,51),(22,52),(23,53),(24,54),(25,55),(26,56),(27,57),(28,58),(29,59),(30,60),
(1,61),(2,62),(3,63),(4,64),(5,65),(6,66),(7,67),(8,68),(9,69),(10,70),
(11,71),(12,72),(13,73),(14,74),(15,75),(16,76),(17,77),(18,78),(19,79),(20,80),
(21,81),(22,82),(23,83),(24,84),(25,85),(26,86),(27,87),(28,88),(29,89),(30,90),
(1,91),(2,92),(3,93),(4,94),(5,95),(6,96),(7,97),(8,98),(9,99),(10,100);

-- LIBRO_CATEGORIAS (100)
INSERT INTO libro_categorias (libro_id, categoria_id) VALUES
(1,1),(2,2),(3,3),(4,4),(5,5),(6,6),(7,7),(8,8),(9,9),(10,10),
(11,1),(12,2),(13,3),(14,4),(15,5),(16,6),(17,7),(18,8),(19,9),(20,10),
(21,1),(22,2),(23,3),(24,4),(25,5),(26,6),(27,7),(28,8),(29,9),(30,10),
(31,1),(32,2),(33,3),(34,4),(35,5),(36,6),(37,7),(38,8),(39,9),(40,10),
(41,1),(42,2),(43,3),(44,4),(45,5),(46,6),(47,7),(48,8),(49,9),(50,10),
(51,1),(52,2),(53,3),(54,4),(55,5),(56,6),(57,7),(58,8),(59,9),(60,10),
(61,1),(62,2),(63,3),(64,4),(65,5),(66,6),(67,7),(68,8),(69,9),(70,10),
(71,1),(72,2),(73,3),(74,4),(75,5),(76,6),(77,7),(78,8),(79,9),(80,10),
(81,1),(82,2),(83,3),(84,4),(85,5),(86,6),(87,7),(88,8),(89,9),(90,10),
(91,1),(92,2),(93,3),(94,4),(95,5),(96,6),(97,7),(98,8),(99,9),(100,10);

-- PRESTAMO (30)
INSERT INTO prestamo (cliente_id, bibliotecario_id, libro_id, dias_prestamos, prestado_en) VALUES
(1 ,1 ,1 ,14,'2025-04-26'),
(2 ,2 ,2 ,10,'2025-04-26'),
(3 ,3 ,3 ,7 ,'2025-04-26'),
(4 ,4 ,4 ,20,'2025-04-26'),
(5 ,5 ,5 ,15,'2025-04-26'),
(6 ,6 ,6 ,8 ,'2025-04-26'),
(7 ,7 ,7 ,9 ,'2025-04-26'),
(8 ,8 ,8 ,12,'2025-04-26'),
(9 ,9 ,9 ,6 ,'2025-04-26'),
(10,10,10,5 ,'2025-04-26'),
(11,1 ,11,14,'2025-04-26'),
(12,2 ,12,10,'2025-04-26'),
(13,3 ,13,7 ,'2025-04-26'),
(14,4 ,14,20,'2025-04-26'),
(15,5 ,15,15,'2025-04-26'),
(16,6 ,16,8 ,'2025-04-26'),
(17,7 ,17,9 ,'2025-04-26'),
(18,8 ,18,12,'2025-04-26'),
(19,9 ,19,6 ,'2025-04-26'),
(20,10,20,5 ,'2025-04-26'),
(21,1 ,21,14,'2025-04-26'),
(22,2 ,22,10,'2025-04-26'),
(23,3 ,23,7 ,'2025-04-26'),
(24,4 ,24,20,'2025-04-26'),
(25,5 ,25,15,'2025-04-26'),
(26,6 ,26,8 ,'2025-04-26'),
(27,7 ,27,9 ,'2025-04-26'),
(28,8 ,28,12,'2025-04-26'),
(29,9 ,29,6 ,'2025-04-26'),
(30,10,30,5 ,'2025-04-26');

INSERT INTO prestamo
(cliente_id, bibliotecario_id, libro_id, dias_prestamos, fecha_devolucion, prestado_en, devuelto_en) VALUES
(31,  1,  1, 14, '2025-01-20', '2025-01-06', NULL),
(32,  1,  1, 12, '2025-01-28', '2025-01-16', '2025-01-27'),
(33,  2,  2, 10, '2025-01-26', '2025-01-16', NULL),
(34,  2,  3,  7, '2025-01-22', '2025-01-15', '2025-01-20'),
(35,  3,  4, 21, '2025-02-05', '2025-01-15', NULL),
(36,  3,  5, 15, '2025-02-01', '2025-01-17', NULL),
(37,  4,  6,  6, '2025-01-23', '2025-01-17', '2025-01-22'),
(38,  4,  7,  9, '2025-01-30', '2025-01-21', NULL),
(39,  5,  8, 12, '2025-02-21', '2025-02-09', NULL),
(40,  5,  8,  9, '2025-02-26', '2025-02-17', NULL),
(41,  6,  9, 14, '2025-03-05', '2025-02-19', NULL),
(42,  6, 10, 10, '2025-03-01', '2025-02-19', '2025-02-28'),
(43,  7, 11,  7, '2025-02-27', '2025-02-20', NULL),
(44,  7, 12, 20, '2025-03-12', '2025-02-20', NULL),
(45,  8, 13, 15, '2025-03-09', '2025-02-22', NULL),
(46,  8, 13,  8, '2025-03-01', '2025-02-21', '2025-02-28'),
(47,  9,  1, 12, '2025-03-25', '2025-03-13', NULL),
(48,  9,  1, 10, '2025-03-29', '2025-03-19', NULL),
(49, 10,  1,  7, '2025-03-26', '2025-03-19', '2025-03-25'),
(50, 10,  2, 21, '2025-04-09', '2025-03-19', NULL),
(31,  1,  2, 14, '2025-03-30', '2025-03-16', NULL),
(32,  1,  3, 12, '2025-03-30', '2025-03-18', NULL),
(33,  2, 20, 10, '2025-04-28', '2025-04-18', NULL),
(34,  2, 21,  7, '2025-04-25', '2025-04-18', NULL),
(35,  3, 22, 20, '2025-05-08', '2025-04-18', NULL),
(36,  3, 23, 15, '2025-05-03', '2025-04-19', NULL),
(37,  4, 24,  8, '2025-04-27', '2025-04-19', '2025-04-26'),
(38,  4, 24,  9, '2025-04-30', '2025-04-21', NULL),
(39,  5, 25, 12, '2025-05-27', '2025-05-15', NULL),
(40,  5, 25,  9, '2025-05-24', '2025-05-15', NULL),
(41,  6, 26, 14, '2025-06-02', '2025-05-19', NULL),
(42,  6, 27, 10, '2025-05-29', '2025-05-19', '2025-05-28'),
(43,  7, 28,  7, '2025-05-26', '2025-05-19', NULL),
(44,  7, 28, 20, '2025-06-08', '2025-05-19', NULL),
(45,  8, 29, 15, '2025-06-03', '2025-05-20', NULL),
(46,  8, 30,  8, '2025-05-28', '2025-05-20', '2025-05-27'),
(31,  9, 15,  6, '2025-02-12', '2025-02-06', '2025-02-12'),
(31, 10, 40, 10, '2025-04-15', '2025-04-05', NULL),
(32,  3, 16, 14, '2025-04-08', '2025-03-25', NULL),
(32,  4, 17, 14, '2025-05-18', '2025-05-04', NULL),
(33,  5, 18, 10, '2025-04-11', '2025-04-01', '2025-04-10'),
(33,  5, 19, 14, '2025-06-01', '2025-05-18', NULL),
(34,  6, 31, 15, '2025-05-31', '2025-05-16', NULL),
(34,  6, 32,  8, '2025-05-24', '2025-05-16', '2025-05-23');

-- SANCIONES (10)
INSERT INTO sanciones (cliente_id, motivo, fecha_inicio, fecha_final) VALUES
(1 ,'Retraso prolongado'     ,'2025-04-01','2025-06-15'),
(3 ,'Daño al libro'          ,'2025-03-10','2025-06-10'),
(5 ,'Pérdida de libro'       ,'2025-02-05','2025-05-05'),
(7 ,'Comportamiento indebido','2025-01-20','2025-02-20'),
(9 ,'No devolución'          ,'2025-04-10','2025-04-20'),
(11,'Retraso prolongado'     ,'2025-04-05','2025-07-25'),
(13,'Daño al libro'          ,'2025-03-15','2025-04-15'),
(15,'Pérdida de libro'       ,'2025-02-10','2025-05-10'),
(17,'Comportamiento indebido','2025-01-25','2025-07-25'),
(19,'No devolución'          ,'2025-04-12','2025-04-20');

-- USUARIO_CORREOS (100+)
INSERT INTO usuario_correos (usuario_id, correo) VALUES
--  Autores
(1 ,'kevin.martinez@novascriptorium.com'),
(2 ,'ana.lopez@luminahouse.org'),
(3 ,'luis.hernandez@outlook.com'),
(4 ,'maria.rodriguez@gmail.com'),
(5 ,'carlos.sanchez@company.com'),
(6 ,'sofia.gomez@mail.com'),
(7 ,'miguel.ramirez@mail.com'),
(8 ,'daniela.torres@mail.com'),
(9 ,'juan.perez@mail.com'),
(10,'paola.castillo@mail.com'),

--  Clientes (31-65) 2 correos cada uno
(31,'oscar.palma@gmail.com'),             (31,'oscar.palma@outlook.com'),
(32,'julieta.miranda@gmail.com'),         (32,'julieta.miranda@outlook.com'),
(33,'christian.meza@gmail.com'),          (33,'christian.meza@outlook.com'),
(34,'roxana.luna@gmail.com'),             (34,'roxana.luna@outlook.com'),
(35,'victor.molina@gmail.com'),           (35,'victor.molina@outlook.com'),
(36,'adriana.guerra@gmail.com'),          (36,'adriana.guerra@outlook.com'),
(37,'esteban.barrera@gmail.com'),         (37,'esteban.barrera@outlook.com'),
(38,'melisa.fuentes@gmail.com'),          (38,'melisa.fuentes@outlook.com'),
(39,'gerardo.portillo@gmail.com'),        (39,'gerardo.portillo@outlook.com'),
(40,'lucia.alfaro@gmail.com'),            (40,'lucia.alfaro@outlook.com'),
(41,'david.serrano@gmail.com'),           (41,'david.serrano@outlook.com'),
(42,'pamela.bravo@gmail.com'),            (42,'pamela.bravo@outlook.com'),
(43,'cesar.ibarra@gmail.com'),            (43,'cesar.ibarra@outlook.com'),
(44,'irene.beltran@gmail.com'),           (44,'irene.beltran@outlook.com'),
(45,'marco.rojas@gmail.com'),             (45,'marco.rojas@outlook.com'),
(46,'patricia.solis@gmail.com'),          (46,'patricia.solis@outlook.com'),
(47,'alvaro.padilla@gmail.com'),          (47,'alvaro.padilla@outlook.com'),
(48,'gloria.carrillo@gmail.com'),         (48,'gloria.carrillo@outlook.com'),
(49,'hector.quiroz@gmail.com'),           (49,'hector.quiroz@outlook.com'),
(50,'angelica.villegas@gmail.com'),       (50,'angelica.villegas@outlook.com'),
(51,'renato.calderon@gmail.com'),         (51,'renato.calderon@outlook.com'),
(52,'monica.cordero@gmail.com'),          (52,'monica.cordero@outlook.com'),
(53,'edgar.guzman@gmail.com'),            (53,'edgar.guzman@outlook.com'),
(54,'karen.zamora@gmail.com'),            (54,'karen.zamora@outlook.com'),
(55,'jonathan.castellanos@gmail.com'),    (55,'jonathan.castellanos@outlook.com'),
(56,'leslie.alvarado@gmail.com'),         (56,'leslie.alvarado@outlook.com'),
(57,'francisco.briones@gmail.com'),       (57,'francisco.briones@outlook.com'),
(58,'rebeca.valenzuela@gmail.com'),       (58,'rebeca.valenzuela@outlook.com'),
(59,'mauricio.lara@gmail.com'),           (59,'mauricio.lara@outlook.com'),
(60,'jennifer.aparicio@gmail.com'),       (60,'jennifer.aparicio@outlook.com'),
(61,'bruno.caceres@gmail.com'),           (61,'bruno.caceres@outlook.com'),
(62,'alejandra.ponce@gmail.com'),         (62,'alejandra.ponce@outlook.com'),
(63,'sebastian.tapia@gmail.com'),         (63,'sebastian.tapia@outlook.com'),
(64,'elisa.godoy@gmail.com'),             (64,'elisa.godoy@outlook.com'),
(65,'matias.aragon@gmail.com'),           (65,'matias.aragon@outlook.com'),

--  Clientes (66-80) 3 correos cada uno
(66,'paulina.cabrera@gmail.com'),         (66,'paulina.cabrera@outlook.com'),        (66,'paulina.cabrera@protonmail.com'),
(67,'guillermo.ochoa@gmail.com'),         (67,'guillermo.ochoa@outlook.com'),        (67,'guillermo.ochoa@protonmail.com'),
(68,'claudia.villanueva@gmail.com'),      (68,'claudia.villanueva@outlook.com'),     (68,'claudia.villanueva@protonmail.com'),
(69,'rafael.cifuentes@gmail.com'),        (69,'rafael.cifuentes@outlook.com'),       (69,'rafael.cifuentes@protonmail.com'),
(70,'adriana.leiva@gmail.com'),           (70,'adriana.leiva@outlook.com'),          (70,'adriana.leiva@protonmail.com'),
(71,'ivan.valdez@gmail.com'),             (71,'ivan.valdez@outlook.com'),            (71,'ivan.valdez@protonmail.com'),
(72,'silvia.palma@gmail.com'),            (72,'silvia.palma@outlook.com'),           (72,'silvia.palma@protonmail.com'),
(73,'alonso.bonilla@gmail.com'),          (73,'alonso.bonilla@outlook.com'),         (73,'alonso.bonilla@protonmail.com'),
(74,'marta.larios@gmail.com'),            (74,'marta.larios@outlook.com'),           (74,'marta.larios@protonmail.com'),
(75,'rodrigo.godinez@gmail.com'),         (75,'rodrigo.godinez@outlook.com'),        (75,'rodrigo.godinez@protonmail.com'),
(76,'teresa.espinoza@gmail.com'),         (76,'teresa.espinoza@outlook.com'),        (76,'teresa.espinoza@protonmail.com'),
(77,'julian.barrios@gmail.com'),          (77,'julian.barrios@outlook.com'),         (77,'julian.barrios@protonmail.com'),
(78,'pilar.medrano@gmail.com'),           (78,'pilar.medrano@outlook.com'),          (78,'pilar.medrano@protonmail.com'),
(79,'guillermo.saenz@gmail.com'),         (79,'guillermo.saenz@outlook.com'),        (79,'guillermo.saenz@protonmail.com'),
(80,'berenice.duarte@gmail.com'),         (80,'berenice.duarte@outlook.com'),        (80,'berenice.duarte@protonmail.com'),

--  Bibliotecarios (81-100) 1 correo cada uno
(81 ,'joaquin.prado@library.org'),
(82 ,'estela.molina@library.org'),
(83 ,'cristian.camacho@library.org'),
(84 ,'abril.zambrano@library.org'),
(85 ,'gustavo.rivas@library.org'),
(86 ,'rosario.palacios@library.org'),
(87 ,'fabian.soto@library.org'),
(88 ,'cecilia.navarro@library.org'),
(89 ,'armando.arevalo@library.org'),
(90 ,'florencia.cuevas@library.org'),
(91 ,'santiago.paredes@library.org'),
(92 ,'veronica.oliva@library.org'),
(93 ,'alexis.cano@library.org'),
(94 ,'tatiana.duarte@library.org'),
(95 ,'diego.murillo@library.org'),
(96 ,'lorena.cardenas@library.org'),
(97 ,'mauricio.pacheco@library.org'),
(98 ,'juliana.estrada@library.org'),
(99 ,'felipe.cardona@library.org'),
(100,'camilo.cabrera@library.org');

-- USUARIO_TELEFONOS (100+)
INSERT INTO usuario_telefonos (usuario_id, telefono) VALUES
--  Autores (1-10) 1 número c/u
(1 ,'55510001'),(2 ,'55510002'),(3 ,'55510003'),(4 ,'55510004'),(5 ,'55510005'),
(6 ,'55510006'),(7 ,'55510007'),(8 ,'55510008'),(9 ,'55510009'),(10,'55510010'),

--  Clientes (31-65) 2 números c/u
(31,'55510011'),(31,'55510012'),
(32,'55510013'),(32,'55510014'),
(33,'55510015'),(33,'55510016'),
(34,'55510017'),(34,'55510018'),
(35,'55510019'),(35,'55510020'),
(36,'55510021'),(36,'55510022'),
(37,'55510023'),(37,'55510024'),
(38,'55510025'),(38,'55510026'),
(39,'55510027'),(39,'55510028'),
(40,'55510029'),(40,'55510030'),
(41,'55510031'),(41,'55510032'),
(42,'55510033'),(42,'55510034'),
(43,'55510035'),(43,'55510036'),
(44,'55510037'),(44,'55510038'),
(45,'55510039'),(45,'55510040'),
(46,'55510041'),(46,'55510042'),
(47,'55510043'),(47,'55510044'),
(48,'55510045'),(48,'55510046'),
(49,'55510047'),(49,'55510048'),
(50,'55510049'),(50,'55510050'),
(51,'55510051'),(51,'55510052'),
(52,'55510053'),(52,'55510054'),
(53,'55510055'),(53,'55510056'),
(54,'55510057'),(54,'55510058'),
(55,'55510059'),(55,'55510060'),
(56,'55510061'),(56,'55510062'),
(57,'55510063'),(57,'55510064'),
(58,'55510065'),(58,'55510066'),
(59,'55510067'),(59,'55510068'),
(60,'55510069'),(60,'55510070'),
(61,'55510071'),(61,'55510072'),
(62,'55510073'),(62,'55510074'),
(63,'55510075'),(63,'55510076'),
(64,'55510077'),(64,'55510078'),
(65,'55510079'),(65,'55510080'),

--  Clientes (66-80) 3 números c/u
(66,'55510081'),(66,'55510082'),(66,'55510083'),
(67,'55510084'),(67,'55510085'),(67,'55510086'),
(68,'55510087'),(68,'55510088'),(68,'55510089'),
(69,'55510090'),(69,'55510091'),(69,'55510092'),
(70,'55510093'),(70,'55510094'),(70,'55510095'),
(71,'55510096'),(71,'55510097'),(71,'55510098'),
(72,'55510099'),(72,'55510100'),(72,'55510101'),
(73,'55510102'),(73,'55510103'),(73,'55510104'),
(74,'55510105'),(74,'55510106'),(74,'55510107'),
(75,'55510108'),(75,'55510109'),(75,'55510110'),
(76,'55510111'),(76,'55510112'),(76,'55510113'),
(77,'55510114'),(77,'55510115'),(77,'55510116'),
(78,'55510117'),(78,'55510118'),(78,'55510119'),
(79,'55510120'),(79,'55510121'),(79,'55510122'),
(80,'55510123'),(80,'55510124'),(80,'55510125'),

--  Bibliotecarios (81-100) 1 número c/u
(81 ,'55510126'),(82 ,'55510127'),(83 ,'55510128'),(84 ,'55510129'),(85 ,'55510130'),
(86 ,'55510131'),(87 ,'55510132'),(88 ,'55510133'),(89 ,'55510134'),(90 ,'55510135'),
(91 ,'55510136'),(92 ,'55510137'),(93 ,'55510138'),(94 ,'55510139'),(95 ,'55510140'),
(96 ,'55510141'),(97 ,'55510142'),(98 ,'55510143'),(99 ,'55510144'),(100,'55510145');