-- USUARIOS (100)
INSERT INTO usuarios (nombre, apellido, fecha_nacimiento, edad) VALUES
('Nombre1','Apellido1','1999-01-01',26),
('Nombre2','Apellido2','1998-02-02',27),
('Nombre3','Apellido3','1997-03-03',28),
('Nombre4','Apellido4','1996-04-04',29),
('Nombre5','Apellido5','1995-05-05',30),
('Nombre6','Apellido6','1994-06-06',31),
('Nombre7','Apellido7','1993-07-07',32),
('Nombre8','Apellido8','1992-08-08',33),
('Nombre9','Apellido9','1991-09-09',34),
('Nombre10','Apellido10','1990-10-10',35),
('Nombre11','Apellido11','1999-01-11',26),
('Nombre12','Apellido12','1998-02-12',27),
('Nombre13','Apellido13','1997-03-13',28),
('Nombre14','Apellido14','1996-04-14',29),
('Nombre15','Apellido15','1995-05-15',30),
('Nombre16','Apellido16','1994-06-16',31),
('Nombre17','Apellido17','1993-07-17',32),
('Nombre18','Apellido18','1992-08-18',33),
('Nombre19','Apellido19','1991-09-19',34),
('Nombre20','Apellido20','1990-10-20',35),
('Nombre21','Apellido21','1999-01-21',26),
('Nombre22','Apellido22','1998-02-22',27),
('Nombre23','Apellido23','1997-03-23',28),
('Nombre24','Apellido24','1996-04-24',29),
('Nombre25','Apellido25','1995-05-25',30),
('Nombre26','Apellido26','1994-06-26',31),
('Nombre27','Apellido27','1993-07-27',32),
('Nombre28','Apellido28','1992-08-28',33),
('Nombre29','Apellido29','1991-09-29',34),
('Nombre30','Apellido30','1990-10-30',35),
('Nombre31','Apellido31','1999-01-31',26),
('Nombre32','Apellido32','1998-02-28',27),
('Nombre33','Apellido33','1997-03-27',28),
('Nombre34','Apellido34','1996-04-26',29),
('Nombre35','Apellido35','1995-05-25',30),
('Nombre36','Apellido36','1994-06-24',31),
('Nombre37','Apellido37','1993-07-23',32),
('Nombre38','Apellido38','1992-08-22',33),
('Nombre39','Apellido39','1991-09-21',34),
('Nombre40','Apellido40','1990-10-20',35),
('Nombre41','Apellido41','1999-01-19',26),
('Nombre42','Apellido42','1998-02-18',27),
('Nombre43','Apellido43','1997-03-17',28),
('Nombre44','Apellido44','1996-04-16',29),
('Nombre45','Apellido45','1995-05-15',30),
('Nombre46','Apellido46','1994-06-14',31),
('Nombre47','Apellido47','1993-07-13',32),
('Nombre48','Apellido48','1992-08-12',33),
('Nombre49','Apellido49','1991-09-11',34),
('Nombre50','Apellido50','1990-10-10',35),
('Nombre51','Apellido51','1999-01-09',26),
('Nombre52','Apellido52','1998-02-08',27),
('Nombre53','Apellido53','1997-03-07',28),
('Nombre54','Apellido54','1996-04-06',29),
('Nombre55','Apellido55','1995-05-05',30),
('Nombre56','Apellido56','1994-06-04',31),
('Nombre57','Apellido57','1993-07-03',32),
('Nombre58','Apellido58','1992-08-02',33),
('Nombre59','Apellido59','1991-09-01',34),
('Nombre60','Apellido60','1990-10-01',35),
('Nombre61','Apellido61','1999-01-02',26),
('Nombre62','Apellido62','1998-02-03',27),
('Nombre63','Apellido63','1997-03-04',28),
('Nombre64','Apellido64','1996-04-05',29),
('Nombre65','Apellido65','1995-05-06',30),
('Nombre66','Apellido66','1994-06-07',31),
('Nombre67','Apellido67','1993-07-08',32),
('Nombre68','Apellido68','1992-08-09',33),
('Nombre69','Apellido69','1991-09-10',34),
('Nombre70','Apellido70','1990-10-11',35),
('Nombre71','Apellido71','1999-01-12',26),
('Nombre72','Apellido72','1998-02-13',27),
('Nombre73','Apellido73','1997-03-14',28),
('Nombre74','Apellido74','1996-04-15',29),
('Nombre75','Apellido75','1995-05-16',30),
('Nombre76','Apellido76','1994-06-17',31),
('Nombre77','Apellido77','1993-07-18',32),
('Nombre78','Apellido78','1992-08-19',33),
('Nombre79','Apellido79','1991-09-20',34),
('Nombre80','Apellido80','1990-10-21',35),
('Nombre81','Apellido81','1999-01-22',26),
('Nombre82','Apellido82','1998-02-23',27),
('Nombre83','Apellido83','1997-03-24',28),
('Nombre84','Apellido84','1996-04-25',29),
('Nombre85','Apellido85','1995-05-26',30),
('Nombre86','Apellido86','1994-06-27',31),
('Nombre87','Apellido87','1993-07-28',32),
('Nombre88','Apellido88','1992-08-29',33),
('Nombre89','Apellido89','1991-09-30',34),
('Nombre90','Apellido90','1990-10-31',35),
('Nombre91','Apellido91','1999-01-30',26),
('Nombre92','Apellido92','1998-02-27',27),
('Nombre93','Apellido93','1997-03-26',28),
('Nombre94','Apellido94','1996-04-25',29),
('Nombre95','Apellido95','1995-05-24',30),
('Nombre96','Apellido96','1994-06-23',31),
('Nombre97','Apellido97','1993-07-22',32),
('Nombre98','Apellido98','1992-08-21',33),
('Nombre99','Apellido99','1991-09-22',34),
('Nombre100','Apellido100','1990-10-23',35);

-- EDITORIALES (20)
INSERT INTO editoriales (nombre, correo) VALUES
('Editorial 1','editorial1@example.com'),
('Editorial 2','editorial2@example.com'),
('Editorial 3','editorial3@example.com'),
('Editorial 4','editorial4@example.com'),
('Editorial 5','editorial5@example.com'),
('Editorial 6','editorial6@example.com'),
('Editorial 7','editorial7@example.com'),
('Editorial 8','editorial8@example.com'),
('Editorial 9','editorial9@example.com'),
('Editorial 10','editorial10@example.com'),
('Editorial 11','editorial11@example.com'),
('Editorial 12','editorial12@example.com'),
('Editorial 13','editorial13@example.com'),
('Editorial 14','editorial14@example.com'),
('Editorial 15','editorial15@example.com'),
('Editorial 16','editorial16@example.com'),
('Editorial 17','editorial17@example.com'),
('Editorial 18','editorial18@example.com'),
('Editorial 19','editorial19@example.com'),
('Editorial 20','editorial20@example.com');

-- CATEGORIAS (10)
INSERT INTO categorias (categoria, descripcion) VALUES
('Ficción','Narrativa imaginaria'),
('No Ficción','Basado en hechos'),
('Ciencia','Divulgación científica'),
('Tecnología','Avances y estudios tecnológicos'),
('Historia','Eventos históricos'),
('Biografía','Vida de personajes'),
('Fantasía','Mundos imaginarios'),
('Infantil','Lectura para niños'),
('Autoayuda','Desarrollo personal'),
('Misterio','Suspenso y crimen');

-- AUTORES (30) – usuarios 1-30
INSERT INTO autores (usuario_id) VALUES
(1),(2),(3),(4),(5),(6),(7),(8),(9),(10),
(11),(12),(13),(14),(15),(16),(17),(18),(19),(20),
(21),(22),(23),(24),(25),(26),(27),(28),(29),(30);

-- CLIENTES (50) – usuarios 31-80
INSERT INTO clientes (usuario_id) VALUES
(31),(32),(33),(34),(35),(36),(37),(38),(39),(40),
(41),(42),(43),(44),(45),(46),(47),(48),(49),(50),
(51),(52),(53),(54),(55),(56),(57),(58),(59),(60),
(61),(62),(63),(64),(65),(66),(67),(68),(69),(70),
(71),(72),(73),(74),(75),(76),(77),(78),(79),(80);

-- BIBLIOTECARIOS (10) – usuarios 81-90
INSERT INTO bibliotecarios (usuario_id) VALUES
(81),(82),(83),(84),(85),(86),(87),(88),(89),(90);

-- LIBROS (100) – autor 1-30, editorial 1-20
INSERT INTO libros (titulo, autor_id, editorial_id, cantidad, disponible) VALUES
('Libro 1',1,1,5,true),
('Libro 2',2,2,7,true),
('Libro 3',3,3,4,false),
('Libro 4',4,4,6,true),
('Libro 5',5,5,3,true),
('Libro 6',6,6,8,false),
('Libro 7',7,7,2,true),
('Libro 8',8,8,9,true),
('Libro 9',9,9,5,false),
('Libro 10',10,10,4,true),
('Libro 11',11,11,6,true),
('Libro 12',12,12,5,false),
('Libro 13',13,13,7,true),
('Libro 14',14,14,4,true),
('Libro 15',15,15,3,true),
('Libro 16',16,16,9,false),
('Libro 17',17,17,2,true),
('Libro 18',18,18,8,true),
('Libro 19',19,19,5,false),
('Libro 20',20,20,4,true),
('Libro 21',21,1,6,true),
('Libro 22',22,2,5,false),
('Libro 23',23,3,7,true),
('Libro 24',24,4,4,true),
('Libro 25',25,5,3,true),
('Libro 26',26,6,9,false),
('Libro 27',27,7,2,true),
('Libro 28',28,8,8,true),
('Libro 29',29,9,5,false),
('Libro 30',30,10,4,true),
('Libro 31',1,11,6,true),
('Libro 32',2,12,5,false),
('Libro 33',3,13,7,true),
('Libro 34',4,14,4,true),
('Libro 35',5,15,3,true),
('Libro 36',6,16,9,false),
('Libro 37',7,17,2,true),
('Libro 38',8,18,8,true),
('Libro 39',9,19,5,false),
('Libro 40',10,20,4,true),
('Libro 41',11,1,6,true),
('Libro 42',12,2,5,false),
('Libro 43',13,3,7,true),
('Libro 44',14,4,4,true),
('Libro 45',15,5,3,true),
('Libro 46',16,6,9,false),
('Libro 47',17,7,2,true),
('Libro 48',18,8,8,true),
('Libro 49',19,9,5,false),
('Libro 50',20,10,4,true),
('Libro 51',21,11,6,true),
('Libro 52',22,12,5,false),
('Libro 53',23,13,7,true),
('Libro 54',24,14,4,true),
('Libro 55',25,15,3,true),
('Libro 56',26,16,9,false),
('Libro 57',27,17,2,true),
('Libro 58',28,18,8,true),
('Libro 59',29,19,5,false),
('Libro 60',30,20,4,true),
('Libro 61',1,1,6,true),
('Libro 62',2,2,5,false),
('Libro 63',3,3,7,true),
('Libro 64',4,4,4,true),
('Libro 65',5,5,3,true),
('Libro 66',6,6,9,false),
('Libro 67',7,7,2,true),
('Libro 68',8,8,8,true),
('Libro 69',9,9,5,false),
('Libro 70',10,10,4,true),
('Libro 71',11,11,6,true),
('Libro 72',12,12,5,false),
('Libro 73',13,13,7,true),
('Libro 74',14,14,4,true),
('Libro 75',15,15,3,true),
('Libro 76',16,16,9,false),
('Libro 77',17,17,2,true),
('Libro 78',18,18,8,true),
('Libro 79',19,19,5,false),
('Libro 80',20,20,4,true),
('Libro 81',21,1,6,true),
('Libro 82',22,2,5,false),
('Libro 83',23,3,7,true),
('Libro 84',24,4,4,true),
('Libro 85',25,5,3,true),
('Libro 86',26,6,9,false),
('Libro 87',27,7,2,true),
('Libro 88',28,8,8,true),
('Libro 89',29,9,5,false),
('Libro 90',30,10,4,true),
('Libro 91',1,11,6,true),
('Libro 92',2,12,5,false),
('Libro 93',3,13,7,true),
('Libro 94',4,14,4,true),
('Libro 95',5,15,3,true),
('Libro 96',6,16,9,false),
('Libro 97',7,17,2,true),
('Libro 98',8,18,8,true),
('Libro 99',9,19,5,false),
('Libro 100',10,20,4,true);

-- AUTOR_LIBRO (100) – relación 1-1 con libros
INSERT INTO autor_libro (autor_id, libro_id) VALUES
(1,1),(2,2),(3,3),(4,4),(5,5),(6,6),(7,7),(8,8),(9,9),(10,10),
(11,11),(12,12),(13,13),(14,14),(15,15),(16,16),(17,17),(18,18),(19,19),(20,20),
(21,21),(22,22),(23,23),(24,24),(25,25),(26,26),(27,27),(28,28),(29,29),(30,30),
(1,31),(2,32),(3,33),(4,34),(5,35),(6,36),(7,37),(8,38),(9,39),(10,40),
(11,41),(12,42),(13,43),(14,44),(15,45),(16,46),(17,47),(18,48),(19,49),(20,50),
(21,51),(22,52),(23,53),(24,54),(25,55),(26,56),(27,57),(28,58),(29,59),(30,60),
(1,61),(2,62),(3,63),(4,64),(5,65),(6,66),(7,67),(8,68),(9,69),(10,70),
(11,71),(12,72),(13,73),(14,74),(15,75),(16,76),(17,77),(18,78),(19,79),(20,80),
(21,81),(22,82),(23,83),(24,84),(25,85),(26,86),(27,87),(28,88),(29,89),(30,90),
(1,91),(2,92),(3,93),(4,94),(5,95),(6,96),(7,97),(8,98),(9,99),(10,100);

-- LIBRO_CATEGORIAS (100) – cada libro a una categoría
INSERT INTO libro_categorias (libro_id, categoria_id) VALUES
(1,1),(2,2),(3,3),(4,4),(5,5),(6,6),(7,7),(8,8),(9,9),(10,10),
(11,1),(12,2),(13,3),(14,4),(15,5),(16,6),(17,7),(18,8),(19,9),(20,10),
(21,1),(22,2),(23,3),(24,4),(25,5),(26,6),(27,7),(28,8),(29,9),(30,10),
(31,1),(32,2),(33,3),(34,4),(35,5),(36,6),(37,7),(38,8),(39,9),(40,10),
(41,1),(42,2),(43,3),(44,4),(45,5),(46,6),(47,7),(48,8),(49,9),(50,10),
(51,1),(52,2),(53,3),(54,4),(55,5),(56,6),(57,7),(58,8),(59,9),(60,10),
(61,1),(62,2),(63,3),(64,4),(65,5),(66,6),(67,7),(68,8),(69,9),(70,10),
(71,1),(72,2),(73,3),(74,4),(75,5),(76,6),(77,7),(78,8),(79,9),(80,10),
(81,1),(82,2),(83,3),(84,4),(85,5),(86,6),(87,7),(88,8),(89,9),(90,10),
(91,1),(92,2),(93,3),(94,4),(95,5),(96,6),(97,7),(98,8),(99,9),(100,10);

-- PRESTAMO (30)
INSERT INTO prestamo (cliente_id, bibliotecario_id, libro_id, dias_prestamos, fecha_devolucion, prestado_en, devuelto_en) VALUES
(1,1,1,14,'2025-05-10','2025-04-26',NULL),
(2,2,2,10,'2025-05-06','2025-04-26',NULL),
(3,3,3,7,'2025-05-03','2025-04-26',NULL),
(4,4,4,20,'2025-05-16','2025-04-26',NULL),
(5,5,5,15,'2025-05-11','2025-04-26',NULL),
(6,6,6,8,'2025-05-04','2025-04-26',NULL),
(7,7,7,9,'2025-05-05','2025-04-26',NULL),
(8,8,8,12,'2025-05-08','2025-04-26',NULL),
(9,9,9,6,'2025-05-02','2025-04-26',NULL),
(10,10,10,5,'2025-05-01','2025-04-26',NULL),
(11,1,11,14,'2025-05-10','2025-04-26',NULL),
(12,2,12,10,'2025-05-06','2025-04-26',NULL),
(13,3,13,7,'2025-05-03','2025-04-26',NULL),
(14,4,14,20,'2025-05-16','2025-04-26',NULL),
(15,5,15,15,'2025-05-11','2025-04-26',NULL),
(16,6,16,8,'2025-05-04','2025-04-26',NULL),
(17,7,17,9,'2025-05-05','2025-04-26',NULL),
(18,8,18,12,'2025-05-08','2025-04-26',NULL),
(19,9,19,6,'2025-05-02','2025-04-26',NULL),
(20,10,20,5,'2025-05-01','2025-04-26',NULL),
(21,1,21,14,'2025-05-10','2025-04-26',NULL),
(22,2,22,10,'2025-05-06','2025-04-26',NULL),
(23,3,23,7,'2025-05-03','2025-04-26',NULL),
(24,4,24,20,'2025-05-16','2025-04-26',NULL),
(25,5,25,15,'2025-05-11','2025-04-26',NULL),
(26,6,26,8,'2025-05-04','2025-04-26',NULL),
(27,7,27,9,'2025-05-05','2025-04-26',NULL),
(28,8,28,12,'2025-05-08','2025-04-26',NULL),
(29,9,29,6,'2025-05-02','2025-04-26',NULL),
(30,10,30,5,'2025-05-01','2025-04-26',NULL);

-- SANCIONES (10)
INSERT INTO sanciones (cliente_id, motivo, fecha_inicio, fecha_final) VALUES
(1,'Retraso prolongado','2025-04-01','2025-04-15'),
(3,'Daño al libro','2025-03-10','2025-04-10'),
(5,'Pérdida de libro','2025-02-05','2025-05-05'),
(7,'Comportamiento indebido','2025-01-20','2025-02-20'),
(9,'No devolución','2025-04-10',NULL),
(11,'Retraso prolongado','2025-04-05','2025-04-25'),
(13,'Daño al libro','2025-03-15','2025-04-15'),
(15,'Pérdida de libro','2025-02-10','2025-05-10'),
(17,'Comportamiento indebido','2025-01-25','2025-02-25'),
(19,'No devolución','2025-04-12',NULL);

-- USUARIO_CORREOS (100)
INSERT INTO usuario_correos (usuario_id, correo) VALUES
(1,'usuario1@example.com'),(2,'usuario2@example.com'),(3,'usuario3@example.com'),(4,'usuario4@example.com'),(5,'usuario5@example.com'),
(6,'usuario6@example.com'),(7,'usuario7@example.com'),(8,'usuario8@example.com'),(9,'usuario9@example.com'),(10,'usuario10@example.com'),
(11,'usuario11@example.com'),(12,'usuario12@example.com'),(13,'usuario13@example.com'),(14,'usuario14@example.com'),(15,'usuario15@example.com'),
(16,'usuario16@example.com'),(17,'usuario17@example.com'),(18,'usuario18@example.com'),(19,'usuario19@example.com'),(20,'usuario20@example.com'),
(21,'usuario21@example.com'),(22,'usuario22@example.com'),(23,'usuario23@example.com'),(24,'usuario24@example.com'),(25,'usuario25@example.com'),
(26,'usuario26@example.com'),(27,'usuario27@example.com'),(28,'usuario28@example.com'),(29,'usuario29@example.com'),(30,'usuario30@example.com'),
(31,'usuario31@example.com'),(32,'usuario32@example.com'),(33,'usuario33@example.com'),(34,'usuario34@example.com'),(35,'usuario35@example.com'),
(36,'usuario36@example.com'),(37,'usuario37@example.com'),(38,'usuario38@example.com'),(39,'usuario39@example.com'),(40,'usuario40@example.com'),
(41,'usuario41@example.com'),(42,'usuario42@example.com'),(43,'usuario43@example.com'),(44,'usuario44@example.com'),(45,'usuario45@example.com'),
(46,'usuario46@example.com'),(47,'usuario47@example.com'),(48,'usuario48@example.com'),(49,'usuario49@example.com'),(50,'usuario50@example.com'),
(51,'usuario51@example.com'),(52,'usuario52@example.com'),(53,'usuario53@example.com'),(54,'usuario54@example.com'),(55,'usuario55@example.com'),
(56,'usuario56@example.com'),(57,'usuario57@example.com'),(58,'usuario58@example.com'),(59,'usuario59@example.com'),(60,'usuario60@example.com'),
(61,'usuario61@example.com'),(62,'usuario62@example.com'),(63,'usuario63@example.com'),(64,'usuario64@example.com'),(65,'usuario65@example.com'),
(66,'usuario66@example.com'),(67,'usuario67@example.com'),(68,'usuario68@example.com'),(69,'usuario69@example.com'),(70,'usuario70@example.com'),
(71,'usuario71@example.com'),(72,'usuario72@example.com'),(73,'usuario73@example.com'),(74,'usuario74@example.com'),(75,'usuario75@example.com'),
(76,'usuario76@example.com'),(77,'usuario77@example.com'),(78,'usuario78@example.com'),(79,'usuario79@example.com'),(80,'usuario80@example.com'),
(81,'usuario81@example.com'),(82,'usuario82@example.com'),(83,'usuario83@example.com'),(84,'usuario84@example.com'),(85,'usuario85@example.com'),
(86,'usuario86@example.com'),(87,'usuario87@example.com'),(88,'usuario88@example.com'),(89,'usuario89@example.com'),(90,'usuario90@example.com'),
(91,'usuario91@example.com'),(92,'usuario92@example.com'),(93,'usuario93@example.com'),(94,'usuario94@example.com'),(95,'usuario95@example.com'),
(96,'usuario96@example.com'),(97,'usuario97@example.com'),(98,'usuario98@example.com'),(99,'usuario99@example.com'),(100,'usuario100@example.com');

-- USUARIO_TELEFONOS (100)
INSERT INTO usuario_telefonos (usuario_id, telefono) VALUES
(1,'55500001'),(2,'55500002'),(3,'55500003'),(4,'55500004'),(5,'55500005'),
(6,'55500006'),(7,'55500007'),(8,'55500008'),(9,'55500009'),(10,'55500010'),
(11,'55500011'),(12,'55500012'),(13,'55500013'),(14,'55500014'),(15,'55500015'),
(16,'55500016'),(17,'55500017'),(18,'55500018'),(19,'55500019'),(20,'55500020'),
(21,'55500021'),(22,'55500022'),(23,'55500023'),(24,'55500024'),(25,'55500025'),
(26,'55500026'),(27,'55500027'),(28,'55500028'),(29,'55500029'),(30,'55500030'),
(31,'55500031'),(32,'55500032'),(33,'55500033'),(34,'55500034'),(35,'55500035'),
(36,'55500036'),(37,'55500037'),(38,'55500038'),(39,'55500039'),(40,'55500040'),
(41,'55500041'),(42,'55500042'),(43,'55500043'),(44,'55500044'),(45,'55500045'),
(46,'55500046'),(47,'55500047'),(48,'55500048'),(49,'55500049'),(50,'55500050'),
(51,'55500051'),(52,'55500052'),(53,'55500053'),(54,'55500054'),(55,'55500055'),
(56,'55500056'),(57,'55500057'),(58,'55500058'),(59,'55500059'),(60,'55500060'),
(61,'55500061'),(62,'55500062'),(63,'55500063'),(64,'55500064'),(65,'55500065'),
(66,'55500066'),(67,'55500067'),(68,'55500068'),(69,'55500069'),(70,'55500070'),
(71,'55500071'),(72,'55500072'),(73,'55500073'),(74,'55500074'),(75,'55500075'),
(76,'55500076'),(77,'55500077'),(78,'55500078'),(79,'55500079'),(80,'55500080'),
(81,'55500081'),(82,'55500082'),(83,'55500083'),(84,'55500084'),(85,'55500085'),
(86,'55500086'),(87,'55500087'),(88,'55500088'),(89,'55500089'),(90,'55500090'),
(91,'55500091'),(92,'55500092'),(93,'55500093'),(94,'55500094'),(95,'55500095'),
(96,'55500096'),(97,'55500097'),(98,'55500098'),(99,'55500099'),(100,'55500100');